<application>
  <component name="DefaultFont">
    <option name="FONT_SIZE" value="14" />
    <option name="FONT_FAMILY" value="Source Code Pro" />
    <option name="FONT_REGULAR_SUB_FAMILY" value="Regular" />
    <option name="FONT_BOLD_SUB_FAMILY" value="Bold" />
    <option name="USE_LIGATURES" value="true" />
    <option name="SECONDARY_FONT_FAMILY" value="JoyPixels" />
  </component>
  <component name="InlayHintsSettings">
    <option name="lastViewedProviderKeyId" value="KotlinReferencesTypeHintsProvider" />
    <settingsMapElement>
      <kotlin.KotlinReferencesTypeHintsProvider>
        <Settings>
          <option name="functionReturnType" value="true" />
          <option name="localVariableType" value="true" />
          <option name="parameterType" value="true" />
          <option name="propertyType" value="true" />
        </Settings>
      </kotlin.KotlinReferencesTypeHintsProvider>
    </settingsMapElement>
  </component>
  <component name="JetEditorOptions">
    <option name="donTShowConversionDialog" value="true" />
  </component>
</application>