<application>
  <component name="ProjectJdkTable">
    <jdk version="2">
      <name value="Android API 32 Platform" />
      <type value="Android SDK" />
      <version value="version 11.0.12" />
      <homePath value="$USER_HOME$/Android/Sdk" />
      <roots>
        <annotationsPath>
          <root type="composite">
            <root url="jar://$USER_HOME$/Android/Sdk/platforms/android-32/data/annotations.zip!/" type="simple" />
          </root>
        </annotationsPath>
        <classPath>
          <root type="composite">
            <root url="jar://$USER_HOME$/Android/Sdk/platforms/android-32/android.jar!/" type="simple" />
            <root url="file://$USER_HOME$/Android/Sdk/platforms/android-32/data/res" type="simple" />
          </root>
        </classPath>
        <javadocPath>
          <root type="composite">
            <root url="http://developer.android.com/reference/" type="simple" />
          </root>
        </javadocPath>
        <sourcePath>
          <root type="composite" />
        </sourcePath>
      </roots>
      <additional jdk="Embedded JDK" sdk="android-32" />
    </jdk>
    <jdk version="2">
      <name value="Embedded JDK" />
      <type value="JavaSDK" />
      <version value="version 11.0.12" />
      <homePath value="$APPLICATION_HOME_DIR$/jre" />
      <roots>
        <annotationsPath>
          <root type="composite">
            <root url="jar://$APPLICATION_HOME_DIR$/plugins/java/lib/jdkAnnotations.jar!/" type="simple" />
          </root>
        </annotationsPath>
        <classPath>
          <root type="composite">
            <root url="jrt:///opt/android-studio/jre!/java.base" type="simple" />
            <root url="jrt:///opt/android-studio/jre!/java.compiler" type="simple" />
            <root url="jrt:///opt/android-studio/jre!/java.datatransfer" type="simple" />
            <root url="jrt:///opt/android-studio/jre!/java.desktop" type="simple" />
            <root url="jrt:///opt/android-studio/jre!/java.instrument" type="simple" />
            <root url="jrt:///opt/android-studio/jre!/java.logging" type="simple" />
            <root url="jrt:///opt/android-studio/jre!/java.management" type="simple" />
            <root url="jrt:///opt/android-studio/jre!/java.management.rmi" type="simple" />
            <root url="jrt:///opt/android-studio/jre!/java.naming" type="simple" />
            <root url="jrt:///opt/android-studio/jre!/java.net.http" type="simple" />
            <root url="jrt:///opt/android-studio/jre!/java.prefs" type="simple" />
            <root url="jrt:///opt/android-studio/jre!/java.rmi" type="simple" />
            <root url="jrt:///opt/android-studio/jre!/java.scripting" type="simple" />
            <root url="jrt:///opt/android-studio/jre!/java.se" type="simple" />
            <root url="jrt:///opt/android-studio/jre!/java.security.jgss" type="simple" />
            <root url="jrt:///opt/android-studio/jre!/java.security.sasl" type="simple" />
            <root url="jrt:///opt/android-studio/jre!/java.smartcardio" type="simple" />
            <root url="jrt:///opt/android-studio/jre!/java.sql" type="simple" />
            <root url="jrt:///opt/android-studio/jre!/java.sql.rowset" type="simple" />
            <root url="jrt:///opt/android-studio/jre!/java.transaction.xa" type="simple" />
            <root url="jrt:///opt/android-studio/jre!/java.xml" type="simple" />
            <root url="jrt:///opt/android-studio/jre!/java.xml.crypto" type="simple" />
            <root url="jrt:///opt/android-studio/jre!/jdk.accessibility" type="simple" />
            <root url="jrt:///opt/android-studio/jre!/jdk.aot" type="simple" />
            <root url="jrt:///opt/android-studio/jre!/jdk.attach" type="simple" />
            <root url="jrt:///opt/android-studio/jre!/jdk.charsets" type="simple" />
            <root url="jrt:///opt/android-studio/jre!/jdk.compiler" type="simple" />
            <root url="jrt:///opt/android-studio/jre!/jdk.crypto.cryptoki" type="simple" />
            <root url="jrt:///opt/android-studio/jre!/jdk.crypto.ec" type="simple" />
            <root url="jrt:///opt/android-studio/jre!/jdk.dynalink" type="simple" />
            <root url="jrt:///opt/android-studio/jre!/jdk.hotspot.agent" type="simple" />
            <root url="jrt:///opt/android-studio/jre!/jdk.httpserver" type="simple" />
            <root url="jrt:///opt/android-studio/jre!/jdk.internal.ed" type="simple" />
            <root url="jrt:///opt/android-studio/jre!/jdk.internal.jvmstat" type="simple" />
            <root url="jrt:///opt/android-studio/jre!/jdk.internal.le" type="simple" />
            <root url="jrt:///opt/android-studio/jre!/jdk.internal.opt" type="simple" />
            <root url="jrt:///opt/android-studio/jre!/jdk.internal.vm.ci" type="simple" />
            <root url="jrt:///opt/android-studio/jre!/jdk.internal.vm.compiler" type="simple" />
            <root url="jrt:///opt/android-studio/jre!/jdk.internal.vm.compiler.management" type="simple" />
            <root url="jrt:///opt/android-studio/jre!/jdk.jartool" type="simple" />
            <root url="jrt:///opt/android-studio/jre!/jdk.javadoc" type="simple" />
            <root url="jrt:///opt/android-studio/jre!/jdk.jdeps" type="simple" />
            <root url="jrt:///opt/android-studio/jre!/jdk.jdi" type="simple" />
            <root url="jrt:///opt/android-studio/jre!/jdk.jdwp.agent" type="simple" />
            <root url="jrt:///opt/android-studio/jre!/jdk.jfr" type="simple" />
            <root url="jrt:///opt/android-studio/jre!/jdk.jlink" type="simple" />
            <root url="jrt:///opt/android-studio/jre!/jdk.jsobject" type="simple" />
            <root url="jrt:///opt/android-studio/jre!/jdk.localedata" type="simple" />
            <root url="jrt:///opt/android-studio/jre!/jdk.management" type="simple" />
            <root url="jrt:///opt/android-studio/jre!/jdk.management.agent" type="simple" />
            <root url="jrt:///opt/android-studio/jre!/jdk.management.jfr" type="simple" />
            <root url="jrt:///opt/android-studio/jre!/jdk.naming.dns" type="simple" />
            <root url="jrt:///opt/android-studio/jre!/jdk.naming.rmi" type="simple" />
            <root url="jrt:///opt/android-studio/jre!/jdk.net" type="simple" />
            <root url="jrt:///opt/android-studio/jre!/jdk.pack" type="simple" />
            <root url="jrt:///opt/android-studio/jre!/jdk.scripting.nashorn" type="simple" />
            <root url="jrt:///opt/android-studio/jre!/jdk.scripting.nashorn.shell" type="simple" />
            <root url="jrt:///opt/android-studio/jre!/jdk.sctp" type="simple" />
            <root url="jrt:///opt/android-studio/jre!/jdk.security.auth" type="simple" />
            <root url="jrt:///opt/android-studio/jre!/jdk.security.jgss" type="simple" />
            <root url="jrt:///opt/android-studio/jre!/jdk.unsupported" type="simple" />
            <root url="jrt:///opt/android-studio/jre!/jdk.xml.dom" type="simple" />
            <root url="jrt:///opt/android-studio/jre!/jdk.zipfs" type="simple" />
          </root>
        </classPath>
        <javadocPath>
          <root type="composite" />
        </javadocPath>
        <sourcePath>
          <root type="composite" />
        </sourcePath>
      </roots>
      <additional />
    </jdk>
    <jdk version="2">
      <name value="Android Studio java home" />
      <type value="JavaSDK" />
      <version value="version 11.0.12" />
      <homePath value="$APPLICATION_HOME_DIR$/jre" />
      <roots>
        <annotationsPath>
          <root type="composite">
            <root url="jar://$APPLICATION_HOME_DIR$/plugins/java/lib/jdkAnnotations.jar!/" type="simple" />
          </root>
        </annotationsPath>
        <classPath>
          <root type="composite">
            <root url="jrt:///opt/android-studio/jre!/java.base" type="simple" />
            <root url="jrt:///opt/android-studio/jre!/java.compiler" type="simple" />
            <root url="jrt:///opt/android-studio/jre!/java.datatransfer" type="simple" />
            <root url="jrt:///opt/android-studio/jre!/java.desktop" type="simple" />
            <root url="jrt:///opt/android-studio/jre!/java.instrument" type="simple" />
            <root url="jrt:///opt/android-studio/jre!/java.logging" type="simple" />
            <root url="jrt:///opt/android-studio/jre!/java.management" type="simple" />
            <root url="jrt:///opt/android-studio/jre!/java.management.rmi" type="simple" />
            <root url="jrt:///opt/android-studio/jre!/java.naming" type="simple" />
            <root url="jrt:///opt/android-studio/jre!/java.net.http" type="simple" />
            <root url="jrt:///opt/android-studio/jre!/java.prefs" type="simple" />
            <root url="jrt:///opt/android-studio/jre!/java.rmi" type="simple" />
            <root url="jrt:///opt/android-studio/jre!/java.scripting" type="simple" />
            <root url="jrt:///opt/android-studio/jre!/java.se" type="simple" />
            <root url="jrt:///opt/android-studio/jre!/java.security.jgss" type="simple" />
            <root url="jrt:///opt/android-studio/jre!/java.security.sasl" type="simple" />
            <root url="jrt:///opt/android-studio/jre!/java.smartcardio" type="simple" />
            <root url="jrt:///opt/android-studio/jre!/java.sql" type="simple" />
            <root url="jrt:///opt/android-studio/jre!/java.sql.rowset" type="simple" />
            <root url="jrt:///opt/android-studio/jre!/java.transaction.xa" type="simple" />
            <root url="jrt:///opt/android-studio/jre!/java.xml" type="simple" />
            <root url="jrt:///opt/android-studio/jre!/java.xml.crypto" type="simple" />
            <root url="jrt:///opt/android-studio/jre!/jdk.accessibility" type="simple" />
            <root url="jrt:///opt/android-studio/jre!/jdk.aot" type="simple" />
            <root url="jrt:///opt/android-studio/jre!/jdk.attach" type="simple" />
            <root url="jrt:///opt/android-studio/jre!/jdk.charsets" type="simple" />
            <root url="jrt:///opt/android-studio/jre!/jdk.compiler" type="simple" />
            <root url="jrt:///opt/android-studio/jre!/jdk.crypto.cryptoki" type="simple" />
            <root url="jrt:///opt/android-studio/jre!/jdk.crypto.ec" type="simple" />
            <root url="jrt:///opt/android-studio/jre!/jdk.dynalink" type="simple" />
            <root url="jrt:///opt/android-studio/jre!/jdk.hotspot.agent" type="simple" />
            <root url="jrt:///opt/android-studio/jre!/jdk.httpserver" type="simple" />
            <root url="jrt:///opt/android-studio/jre!/jdk.internal.ed" type="simple" />
            <root url="jrt:///opt/android-studio/jre!/jdk.internal.jvmstat" type="simple" />
            <root url="jrt:///opt/android-studio/jre!/jdk.internal.le" type="simple" />
            <root url="jrt:///opt/android-studio/jre!/jdk.internal.opt" type="simple" />
            <root url="jrt:///opt/android-studio/jre!/jdk.internal.vm.ci" type="simple" />
            <root url="jrt:///opt/android-studio/jre!/jdk.internal.vm.compiler" type="simple" />
            <root url="jrt:///opt/android-studio/jre!/jdk.internal.vm.compiler.management" type="simple" />
            <root url="jrt:///opt/android-studio/jre!/jdk.jartool" type="simple" />
            <root url="jrt:///opt/android-studio/jre!/jdk.javadoc" type="simple" />
            <root url="jrt:///opt/android-studio/jre!/jdk.jdeps" type="simple" />
            <root url="jrt:///opt/android-studio/jre!/jdk.jdi" type="simple" />
            <root url="jrt:///opt/android-studio/jre!/jdk.jdwp.agent" type="simple" />
            <root url="jrt:///opt/android-studio/jre!/jdk.jfr" type="simple" />
            <root url="jrt:///opt/android-studio/jre!/jdk.jlink" type="simple" />
            <root url="jrt:///opt/android-studio/jre!/jdk.jsobject" type="simple" />
            <root url="jrt:///opt/android-studio/jre!/jdk.localedata" type="simple" />
            <root url="jrt:///opt/android-studio/jre!/jdk.management" type="simple" />
            <root url="jrt:///opt/android-studio/jre!/jdk.management.agent" type="simple" />
            <root url="jrt:///opt/android-studio/jre!/jdk.management.jfr" type="simple" />
            <root url="jrt:///opt/android-studio/jre!/jdk.naming.dns" type="simple" />
            <root url="jrt:///opt/android-studio/jre!/jdk.naming.rmi" type="simple" />
            <root url="jrt:///opt/android-studio/jre!/jdk.net" type="simple" />
            <root url="jrt:///opt/android-studio/jre!/jdk.pack" type="simple" />
            <root url="jrt:///opt/android-studio/jre!/jdk.scripting.nashorn" type="simple" />
            <root url="jrt:///opt/android-studio/jre!/jdk.scripting.nashorn.shell" type="simple" />
            <root url="jrt:///opt/android-studio/jre!/jdk.sctp" type="simple" />
            <root url="jrt:///opt/android-studio/jre!/jdk.security.auth" type="simple" />
            <root url="jrt:///opt/android-studio/jre!/jdk.security.jgss" type="simple" />
            <root url="jrt:///opt/android-studio/jre!/jdk.unsupported" type="simple" />
            <root url="jrt:///opt/android-studio/jre!/jdk.xml.dom" type="simple" />
            <root url="jrt:///opt/android-studio/jre!/jdk.zipfs" type="simple" />
          </root>
        </classPath>
        <javadocPath>
          <root type="composite" />
        </javadocPath>
        <sourcePath>
          <root type="composite" />
        </sourcePath>
      </roots>
      <additional />
    </jdk>
    <jdk version="2">
      <name value="11" />
      <type value="JavaSDK" />
      <version value="version 11.0.15" />
      <homePath value="/usr/lib/jvm/default" />
      <roots>
        <annotationsPath>
          <root type="composite">
            <root url="jar://$APPLICATION_HOME_DIR$/plugins/java/lib/jdkAnnotations.jar!/" type="simple" />
          </root>
        </annotationsPath>
        <classPath>
          <root type="composite">
            <root url="jrt:///usr/lib/jvm/default!/java.base" type="simple" />
            <root url="jrt:///usr/lib/jvm/default!/java.compiler" type="simple" />
            <root url="jrt:///usr/lib/jvm/default!/java.datatransfer" type="simple" />
            <root url="jrt:///usr/lib/jvm/default!/java.desktop" type="simple" />
            <root url="jrt:///usr/lib/jvm/default!/java.instrument" type="simple" />
            <root url="jrt:///usr/lib/jvm/default!/java.logging" type="simple" />
            <root url="jrt:///usr/lib/jvm/default!/java.management" type="simple" />
            <root url="jrt:///usr/lib/jvm/default!/java.management.rmi" type="simple" />
            <root url="jrt:///usr/lib/jvm/default!/java.naming" type="simple" />
            <root url="jrt:///usr/lib/jvm/default!/java.net.http" type="simple" />
            <root url="jrt:///usr/lib/jvm/default!/java.prefs" type="simple" />
            <root url="jrt:///usr/lib/jvm/default!/java.rmi" type="simple" />
            <root url="jrt:///usr/lib/jvm/default!/java.scripting" type="simple" />
            <root url="jrt:///usr/lib/jvm/default!/java.se" type="simple" />
            <root url="jrt:///usr/lib/jvm/default!/java.security.jgss" type="simple" />
            <root url="jrt:///usr/lib/jvm/default!/java.security.sasl" type="simple" />
            <root url="jrt:///usr/lib/jvm/default!/java.smartcardio" type="simple" />
            <root url="jrt:///usr/lib/jvm/default!/java.sql" type="simple" />
            <root url="jrt:///usr/lib/jvm/default!/java.sql.rowset" type="simple" />
            <root url="jrt:///usr/lib/jvm/default!/java.transaction.xa" type="simple" />
            <root url="jrt:///usr/lib/jvm/default!/java.xml" type="simple" />
            <root url="jrt:///usr/lib/jvm/default!/java.xml.crypto" type="simple" />
            <root url="jrt:///usr/lib/jvm/default!/jdk.accessibility" type="simple" />
            <root url="jrt:///usr/lib/jvm/default!/jdk.aot" type="simple" />
            <root url="jrt:///usr/lib/jvm/default!/jdk.attach" type="simple" />
            <root url="jrt:///usr/lib/jvm/default!/jdk.charsets" type="simple" />
            <root url="jrt:///usr/lib/jvm/default!/jdk.compiler" type="simple" />
            <root url="jrt:///usr/lib/jvm/default!/jdk.crypto.cryptoki" type="simple" />
            <root url="jrt:///usr/lib/jvm/default!/jdk.crypto.ec" type="simple" />
            <root url="jrt:///usr/lib/jvm/default!/jdk.dynalink" type="simple" />
            <root url="jrt:///usr/lib/jvm/default!/jdk.editpad" type="simple" />
            <root url="jrt:///usr/lib/jvm/default!/jdk.hotspot.agent" type="simple" />
            <root url="jrt:///usr/lib/jvm/default!/jdk.httpserver" type="simple" />
            <root url="jrt:///usr/lib/jvm/default!/jdk.internal.ed" type="simple" />
            <root url="jrt:///usr/lib/jvm/default!/jdk.internal.jvmstat" type="simple" />
            <root url="jrt:///usr/lib/jvm/default!/jdk.internal.le" type="simple" />
            <root url="jrt:///usr/lib/jvm/default!/jdk.internal.opt" type="simple" />
            <root url="jrt:///usr/lib/jvm/default!/jdk.internal.vm.ci" type="simple" />
            <root url="jrt:///usr/lib/jvm/default!/jdk.internal.vm.compiler" type="simple" />
            <root url="jrt:///usr/lib/jvm/default!/jdk.internal.vm.compiler.management" type="simple" />
            <root url="jrt:///usr/lib/jvm/default!/jdk.jartool" type="simple" />
            <root url="jrt:///usr/lib/jvm/default!/jdk.javadoc" type="simple" />
            <root url="jrt:///usr/lib/jvm/default!/jdk.jcmd" type="simple" />
            <root url="jrt:///usr/lib/jvm/default!/jdk.jconsole" type="simple" />
            <root url="jrt:///usr/lib/jvm/default!/jdk.jdeps" type="simple" />
            <root url="jrt:///usr/lib/jvm/default!/jdk.jdi" type="simple" />
            <root url="jrt:///usr/lib/jvm/default!/jdk.jdwp.agent" type="simple" />
            <root url="jrt:///usr/lib/jvm/default!/jdk.jfr" type="simple" />
            <root url="jrt:///usr/lib/jvm/default!/jdk.jlink" type="simple" />
            <root url="jrt:///usr/lib/jvm/default!/jdk.jshell" type="simple" />
            <root url="jrt:///usr/lib/jvm/default!/jdk.jsobject" type="simple" />
            <root url="jrt:///usr/lib/jvm/default!/jdk.jstatd" type="simple" />
            <root url="jrt:///usr/lib/jvm/default!/jdk.localedata" type="simple" />
            <root url="jrt:///usr/lib/jvm/default!/jdk.management" type="simple" />
            <root url="jrt:///usr/lib/jvm/default!/jdk.management.agent" type="simple" />
            <root url="jrt:///usr/lib/jvm/default!/jdk.management.jfr" type="simple" />
            <root url="jrt:///usr/lib/jvm/default!/jdk.naming.dns" type="simple" />
            <root url="jrt:///usr/lib/jvm/default!/jdk.naming.ldap" type="simple" />
            <root url="jrt:///usr/lib/jvm/default!/jdk.naming.rmi" type="simple" />
            <root url="jrt:///usr/lib/jvm/default!/jdk.net" type="simple" />
            <root url="jrt:///usr/lib/jvm/default!/jdk.pack" type="simple" />
            <root url="jrt:///usr/lib/jvm/default!/jdk.rmic" type="simple" />
            <root url="jrt:///usr/lib/jvm/default!/jdk.scripting.nashorn" type="simple" />
            <root url="jrt:///usr/lib/jvm/default!/jdk.scripting.nashorn.shell" type="simple" />
            <root url="jrt:///usr/lib/jvm/default!/jdk.sctp" type="simple" />
            <root url="jrt:///usr/lib/jvm/default!/jdk.security.auth" type="simple" />
            <root url="jrt:///usr/lib/jvm/default!/jdk.security.jgss" type="simple" />
            <root url="jrt:///usr/lib/jvm/default!/jdk.unsupported" type="simple" />
            <root url="jrt:///usr/lib/jvm/default!/jdk.unsupported.desktop" type="simple" />
            <root url="jrt:///usr/lib/jvm/default!/jdk.xml.dom" type="simple" />
            <root url="jrt:///usr/lib/jvm/default!/jdk.zipfs" type="simple" />
          </root>
        </classPath>
        <javadocPath>
          <root type="composite" />
        </javadocPath>
        <sourcePath>
          <root type="composite" />
        </sourcePath>
      </roots>
      <additional />
    </jdk>
    <jdk version="2">
      <name value="11 (2)" />
      <type value="JavaSDK" />
      <version value="version 11.0.15" />
      <homePath value="/usr/lib/jvm/default" />
      <roots>
        <annotationsPath>
          <root type="composite">
            <root url="jar://$APPLICATION_HOME_DIR$/plugins/java/lib/jdkAnnotations.jar!/" type="simple" />
          </root>
        </annotationsPath>
        <classPath>
          <root type="composite">
            <root url="jrt:///usr/lib/jvm/default!/java.base" type="simple" />
            <root url="jrt:///usr/lib/jvm/default!/java.compiler" type="simple" />
            <root url="jrt:///usr/lib/jvm/default!/java.datatransfer" type="simple" />
            <root url="jrt:///usr/lib/jvm/default!/java.desktop" type="simple" />
            <root url="jrt:///usr/lib/jvm/default!/java.instrument" type="simple" />
            <root url="jrt:///usr/lib/jvm/default!/java.logging" type="simple" />
            <root url="jrt:///usr/lib/jvm/default!/java.management" type="simple" />
            <root url="jrt:///usr/lib/jvm/default!/java.management.rmi" type="simple" />
            <root url="jrt:///usr/lib/jvm/default!/java.naming" type="simple" />
            <root url="jrt:///usr/lib/jvm/default!/java.net.http" type="simple" />
            <root url="jrt:///usr/lib/jvm/default!/java.prefs" type="simple" />
            <root url="jrt:///usr/lib/jvm/default!/java.rmi" type="simple" />
            <root url="jrt:///usr/lib/jvm/default!/java.scripting" type="simple" />
            <root url="jrt:///usr/lib/jvm/default!/java.se" type="simple" />
            <root url="jrt:///usr/lib/jvm/default!/java.security.jgss" type="simple" />
            <root url="jrt:///usr/lib/jvm/default!/java.security.sasl" type="simple" />
            <root url="jrt:///usr/lib/jvm/default!/java.smartcardio" type="simple" />
            <root url="jrt:///usr/lib/jvm/default!/java.sql" type="simple" />
            <root url="jrt:///usr/lib/jvm/default!/java.sql.rowset" type="simple" />
            <root url="jrt:///usr/lib/jvm/default!/java.transaction.xa" type="simple" />
            <root url="jrt:///usr/lib/jvm/default!/java.xml" type="simple" />
            <root url="jrt:///usr/lib/jvm/default!/java.xml.crypto" type="simple" />
            <root url="jrt:///usr/lib/jvm/default!/jdk.accessibility" type="simple" />
            <root url="jrt:///usr/lib/jvm/default!/jdk.aot" type="simple" />
            <root url="jrt:///usr/lib/jvm/default!/jdk.attach" type="simple" />
            <root url="jrt:///usr/lib/jvm/default!/jdk.charsets" type="simple" />
            <root url="jrt:///usr/lib/jvm/default!/jdk.compiler" type="simple" />
            <root url="jrt:///usr/lib/jvm/default!/jdk.crypto.cryptoki" type="simple" />
            <root url="jrt:///usr/lib/jvm/default!/jdk.crypto.ec" type="simple" />
            <root url="jrt:///usr/lib/jvm/default!/jdk.dynalink" type="simple" />
            <root url="jrt:///usr/lib/jvm/default!/jdk.editpad" type="simple" />
            <root url="jrt:///usr/lib/jvm/default!/jdk.hotspot.agent" type="simple" />
            <root url="jrt:///usr/lib/jvm/default!/jdk.httpserver" type="simple" />
            <root url="jrt:///usr/lib/jvm/default!/jdk.internal.ed" type="simple" />
            <root url="jrt:///usr/lib/jvm/default!/jdk.internal.jvmstat" type="simple" />
            <root url="jrt:///usr/lib/jvm/default!/jdk.internal.le" type="simple" />
            <root url="jrt:///usr/lib/jvm/default!/jdk.internal.opt" type="simple" />
            <root url="jrt:///usr/lib/jvm/default!/jdk.internal.vm.ci" type="simple" />
            <root url="jrt:///usr/lib/jvm/default!/jdk.internal.vm.compiler" type="simple" />
            <root url="jrt:///usr/lib/jvm/default!/jdk.internal.vm.compiler.management" type="simple" />
            <root url="jrt:///usr/lib/jvm/default!/jdk.jartool" type="simple" />
            <root url="jrt:///usr/lib/jvm/default!/jdk.javadoc" type="simple" />
            <root url="jrt:///usr/lib/jvm/default!/jdk.jcmd" type="simple" />
            <root url="jrt:///usr/lib/jvm/default!/jdk.jconsole" type="simple" />
            <root url="jrt:///usr/lib/jvm/default!/jdk.jdeps" type="simple" />
            <root url="jrt:///usr/lib/jvm/default!/jdk.jdi" type="simple" />
            <root url="jrt:///usr/lib/jvm/default!/jdk.jdwp.agent" type="simple" />
            <root url="jrt:///usr/lib/jvm/default!/jdk.jfr" type="simple" />
            <root url="jrt:///usr/lib/jvm/default!/jdk.jlink" type="simple" />
            <root url="jrt:///usr/lib/jvm/default!/jdk.jshell" type="simple" />
            <root url="jrt:///usr/lib/jvm/default!/jdk.jsobject" type="simple" />
            <root url="jrt:///usr/lib/jvm/default!/jdk.jstatd" type="simple" />
            <root url="jrt:///usr/lib/jvm/default!/jdk.localedata" type="simple" />
            <root url="jrt:///usr/lib/jvm/default!/jdk.management" type="simple" />
            <root url="jrt:///usr/lib/jvm/default!/jdk.management.agent" type="simple" />
            <root url="jrt:///usr/lib/jvm/default!/jdk.management.jfr" type="simple" />
            <root url="jrt:///usr/lib/jvm/default!/jdk.naming.dns" type="simple" />
            <root url="jrt:///usr/lib/jvm/default!/jdk.naming.ldap" type="simple" />
            <root url="jrt:///usr/lib/jvm/default!/jdk.naming.rmi" type="simple" />
            <root url="jrt:///usr/lib/jvm/default!/jdk.net" type="simple" />
            <root url="jrt:///usr/lib/jvm/default!/jdk.pack" type="simple" />
            <root url="jrt:///usr/lib/jvm/default!/jdk.rmic" type="simple" />
            <root url="jrt:///usr/lib/jvm/default!/jdk.scripting.nashorn" type="simple" />
            <root url="jrt:///usr/lib/jvm/default!/jdk.scripting.nashorn.shell" type="simple" />
            <root url="jrt:///usr/lib/jvm/default!/jdk.sctp" type="simple" />
            <root url="jrt:///usr/lib/jvm/default!/jdk.security.auth" type="simple" />
            <root url="jrt:///usr/lib/jvm/default!/jdk.security.jgss" type="simple" />
            <root url="jrt:///usr/lib/jvm/default!/jdk.unsupported" type="simple" />
            <root url="jrt:///usr/lib/jvm/default!/jdk.unsupported.desktop" type="simple" />
            <root url="jrt:///usr/lib/jvm/default!/jdk.xml.dom" type="simple" />
            <root url="jrt:///usr/lib/jvm/default!/jdk.zipfs" type="simple" />
          </root>
        </classPath>
        <javadocPath>
          <root type="composite" />
        </javadocPath>
        <sourcePath>
          <root type="composite" />
        </sourcePath>
      </roots>
      <additional />
    </jdk>
    <jdk version="2">
      <name value="11 (3)" />
      <type value="JavaSDK" />
      <version value="version 11.0.15" />
      <homePath value="/usr/lib/jvm/default-runtime" />
      <roots>
        <annotationsPath>
          <root type="composite">
            <root url="jar://$APPLICATION_HOME_DIR$/plugins/java/lib/jdkAnnotations.jar!/" type="simple" />
          </root>
        </annotationsPath>
        <classPath>
          <root type="composite">
            <root url="jrt:///usr/lib/jvm/default-runtime!/java.base" type="simple" />
            <root url="jrt:///usr/lib/jvm/default-runtime!/java.compiler" type="simple" />
            <root url="jrt:///usr/lib/jvm/default-runtime!/java.datatransfer" type="simple" />
            <root url="jrt:///usr/lib/jvm/default-runtime!/java.desktop" type="simple" />
            <root url="jrt:///usr/lib/jvm/default-runtime!/java.instrument" type="simple" />
            <root url="jrt:///usr/lib/jvm/default-runtime!/java.logging" type="simple" />
            <root url="jrt:///usr/lib/jvm/default-runtime!/java.management" type="simple" />
            <root url="jrt:///usr/lib/jvm/default-runtime!/java.management.rmi" type="simple" />
            <root url="jrt:///usr/lib/jvm/default-runtime!/java.naming" type="simple" />
            <root url="jrt:///usr/lib/jvm/default-runtime!/java.net.http" type="simple" />
            <root url="jrt:///usr/lib/jvm/default-runtime!/java.prefs" type="simple" />
            <root url="jrt:///usr/lib/jvm/default-runtime!/java.rmi" type="simple" />
            <root url="jrt:///usr/lib/jvm/default-runtime!/java.scripting" type="simple" />
            <root url="jrt:///usr/lib/jvm/default-runtime!/java.se" type="simple" />
            <root url="jrt:///usr/lib/jvm/default-runtime!/java.security.jgss" type="simple" />
            <root url="jrt:///usr/lib/jvm/default-runtime!/java.security.sasl" type="simple" />
            <root url="jrt:///usr/lib/jvm/default-runtime!/java.smartcardio" type="simple" />
            <root url="jrt:///usr/lib/jvm/default-runtime!/java.sql" type="simple" />
            <root url="jrt:///usr/lib/jvm/default-runtime!/java.sql.rowset" type="simple" />
            <root url="jrt:///usr/lib/jvm/default-runtime!/java.transaction.xa" type="simple" />
            <root url="jrt:///usr/lib/jvm/default-runtime!/java.xml" type="simple" />
            <root url="jrt:///usr/lib/jvm/default-runtime!/java.xml.crypto" type="simple" />
            <root url="jrt:///usr/lib/jvm/default-runtime!/jdk.accessibility" type="simple" />
            <root url="jrt:///usr/lib/jvm/default-runtime!/jdk.aot" type="simple" />
            <root url="jrt:///usr/lib/jvm/default-runtime!/jdk.attach" type="simple" />
            <root url="jrt:///usr/lib/jvm/default-runtime!/jdk.charsets" type="simple" />
            <root url="jrt:///usr/lib/jvm/default-runtime!/jdk.compiler" type="simple" />
            <root url="jrt:///usr/lib/jvm/default-runtime!/jdk.crypto.cryptoki" type="simple" />
            <root url="jrt:///usr/lib/jvm/default-runtime!/jdk.crypto.ec" type="simple" />
            <root url="jrt:///usr/lib/jvm/default-runtime!/jdk.dynalink" type="simple" />
            <root url="jrt:///usr/lib/jvm/default-runtime!/jdk.editpad" type="simple" />
            <root url="jrt:///usr/lib/jvm/default-runtime!/jdk.hotspot.agent" type="simple" />
            <root url="jrt:///usr/lib/jvm/default-runtime!/jdk.httpserver" type="simple" />
            <root url="jrt:///usr/lib/jvm/default-runtime!/jdk.internal.ed" type="simple" />
            <root url="jrt:///usr/lib/jvm/default-runtime!/jdk.internal.jvmstat" type="simple" />
            <root url="jrt:///usr/lib/jvm/default-runtime!/jdk.internal.le" type="simple" />
            <root url="jrt:///usr/lib/jvm/default-runtime!/jdk.internal.opt" type="simple" />
            <root url="jrt:///usr/lib/jvm/default-runtime!/jdk.internal.vm.ci" type="simple" />
            <root url="jrt:///usr/lib/jvm/default-runtime!/jdk.internal.vm.compiler" type="simple" />
            <root url="jrt:///usr/lib/jvm/default-runtime!/jdk.internal.vm.compiler.management" type="simple" />
            <root url="jrt:///usr/lib/jvm/default-runtime!/jdk.jartool" type="simple" />
            <root url="jrt:///usr/lib/jvm/default-runtime!/jdk.javadoc" type="simple" />
            <root url="jrt:///usr/lib/jvm/default-runtime!/jdk.jcmd" type="simple" />
            <root url="jrt:///usr/lib/jvm/default-runtime!/jdk.jconsole" type="simple" />
            <root url="jrt:///usr/lib/jvm/default-runtime!/jdk.jdeps" type="simple" />
            <root url="jrt:///usr/lib/jvm/default-runtime!/jdk.jdi" type="simple" />
            <root url="jrt:///usr/lib/jvm/default-runtime!/jdk.jdwp.agent" type="simple" />
            <root url="jrt:///usr/lib/jvm/default-runtime!/jdk.jfr" type="simple" />
            <root url="jrt:///usr/lib/jvm/default-runtime!/jdk.jlink" type="simple" />
            <root url="jrt:///usr/lib/jvm/default-runtime!/jdk.jshell" type="simple" />
            <root url="jrt:///usr/lib/jvm/default-runtime!/jdk.jsobject" type="simple" />
            <root url="jrt:///usr/lib/jvm/default-runtime!/jdk.jstatd" type="simple" />
            <root url="jrt:///usr/lib/jvm/default-runtime!/jdk.localedata" type="simple" />
            <root url="jrt:///usr/lib/jvm/default-runtime!/jdk.management" type="simple" />
            <root url="jrt:///usr/lib/jvm/default-runtime!/jdk.management.agent" type="simple" />
            <root url="jrt:///usr/lib/jvm/default-runtime!/jdk.management.jfr" type="simple" />
            <root url="jrt:///usr/lib/jvm/default-runtime!/jdk.naming.dns" type="simple" />
            <root url="jrt:///usr/lib/jvm/default-runtime!/jdk.naming.ldap" type="simple" />
            <root url="jrt:///usr/lib/jvm/default-runtime!/jdk.naming.rmi" type="simple" />
            <root url="jrt:///usr/lib/jvm/default-runtime!/jdk.net" type="simple" />
            <root url="jrt:///usr/lib/jvm/default-runtime!/jdk.pack" type="simple" />
            <root url="jrt:///usr/lib/jvm/default-runtime!/jdk.rmic" type="simple" />
            <root url="jrt:///usr/lib/jvm/default-runtime!/jdk.scripting.nashorn" type="simple" />
            <root url="jrt:///usr/lib/jvm/default-runtime!/jdk.scripting.nashorn.shell" type="simple" />
            <root url="jrt:///usr/lib/jvm/default-runtime!/jdk.sctp" type="simple" />
            <root url="jrt:///usr/lib/jvm/default-runtime!/jdk.security.auth" type="simple" />
            <root url="jrt:///usr/lib/jvm/default-runtime!/jdk.security.jgss" type="simple" />
            <root url="jrt:///usr/lib/jvm/default-runtime!/jdk.unsupported" type="simple" />
            <root url="jrt:///usr/lib/jvm/default-runtime!/jdk.unsupported.desktop" type="simple" />
            <root url="jrt:///usr/lib/jvm/default-runtime!/jdk.xml.dom" type="simple" />
            <root url="jrt:///usr/lib/jvm/default-runtime!/jdk.zipfs" type="simple" />
          </root>
        </classPath>
        <javadocPath>
          <root type="composite" />
        </javadocPath>
        <sourcePath>
          <root type="composite" />
        </sourcePath>
      </roots>
      <additional />
    </jdk>
    <jdk version="2">
      <name value="Android Studio default JDK" />
      <type value="JavaSDK" />
      <version value="version 11.0.15" />
      <homePath value="/usr/lib/jvm/default" />
      <roots>
        <annotationsPath>
          <root type="composite">
            <root url="jar://$APPLICATION_HOME_DIR$/plugins/java/lib/jdkAnnotations.jar!/" type="simple" />
          </root>
        </annotationsPath>
        <classPath>
          <root type="composite">
            <root url="jrt:///usr/lib/jvm/default!/java.base" type="simple" />
            <root url="jrt:///usr/lib/jvm/default!/java.compiler" type="simple" />
            <root url="jrt:///usr/lib/jvm/default!/java.datatransfer" type="simple" />
            <root url="jrt:///usr/lib/jvm/default!/java.desktop" type="simple" />
            <root url="jrt:///usr/lib/jvm/default!/java.instrument" type="simple" />
            <root url="jrt:///usr/lib/jvm/default!/java.logging" type="simple" />
            <root url="jrt:///usr/lib/jvm/default!/java.management" type="simple" />
            <root url="jrt:///usr/lib/jvm/default!/java.management.rmi" type="simple" />
            <root url="jrt:///usr/lib/jvm/default!/java.naming" type="simple" />
            <root url="jrt:///usr/lib/jvm/default!/java.net.http" type="simple" />
            <root url="jrt:///usr/lib/jvm/default!/java.prefs" type="simple" />
            <root url="jrt:///usr/lib/jvm/default!/java.rmi" type="simple" />
            <root url="jrt:///usr/lib/jvm/default!/java.scripting" type="simple" />
            <root url="jrt:///usr/lib/jvm/default!/java.se" type="simple" />
            <root url="jrt:///usr/lib/jvm/default!/java.security.jgss" type="simple" />
            <root url="jrt:///usr/lib/jvm/default!/java.security.sasl" type="simple" />
            <root url="jrt:///usr/lib/jvm/default!/java.smartcardio" type="simple" />
            <root url="jrt:///usr/lib/jvm/default!/java.sql" type="simple" />
            <root url="jrt:///usr/lib/jvm/default!/java.sql.rowset" type="simple" />
            <root url="jrt:///usr/lib/jvm/default!/java.transaction.xa" type="simple" />
            <root url="jrt:///usr/lib/jvm/default!/java.xml" type="simple" />
            <root url="jrt:///usr/lib/jvm/default!/java.xml.crypto" type="simple" />
            <root url="jrt:///usr/lib/jvm/default!/jdk.accessibility" type="simple" />
            <root url="jrt:///usr/lib/jvm/default!/jdk.aot" type="simple" />
            <root url="jrt:///usr/lib/jvm/default!/jdk.attach" type="simple" />
            <root url="jrt:///usr/lib/jvm/default!/jdk.charsets" type="simple" />
            <root url="jrt:///usr/lib/jvm/default!/jdk.compiler" type="simple" />
            <root url="jrt:///usr/lib/jvm/default!/jdk.crypto.cryptoki" type="simple" />
            <root url="jrt:///usr/lib/jvm/default!/jdk.crypto.ec" type="simple" />
            <root url="jrt:///usr/lib/jvm/default!/jdk.dynalink" type="simple" />
            <root url="jrt:///usr/lib/jvm/default!/jdk.editpad" type="simple" />
            <root url="jrt:///usr/lib/jvm/default!/jdk.hotspot.agent" type="simple" />
            <root url="jrt:///usr/lib/jvm/default!/jdk.httpserver" type="simple" />
            <root url="jrt:///usr/lib/jvm/default!/jdk.internal.ed" type="simple" />
            <root url="jrt:///usr/lib/jvm/default!/jdk.internal.jvmstat" type="simple" />
            <root url="jrt:///usr/lib/jvm/default!/jdk.internal.le" type="simple" />
            <root url="jrt:///usr/lib/jvm/default!/jdk.internal.opt" type="simple" />
            <root url="jrt:///usr/lib/jvm/default!/jdk.internal.vm.ci" type="simple" />
            <root url="jrt:///usr/lib/jvm/default!/jdk.internal.vm.compiler" type="simple" />
            <root url="jrt:///usr/lib/jvm/default!/jdk.internal.vm.compiler.management" type="simple" />
            <root url="jrt:///usr/lib/jvm/default!/jdk.jartool" type="simple" />
            <root url="jrt:///usr/lib/jvm/default!/jdk.javadoc" type="simple" />
            <root url="jrt:///usr/lib/jvm/default!/jdk.jcmd" type="simple" />
            <root url="jrt:///usr/lib/jvm/default!/jdk.jconsole" type="simple" />
            <root url="jrt:///usr/lib/jvm/default!/jdk.jdeps" type="simple" />
            <root url="jrt:///usr/lib/jvm/default!/jdk.jdi" type="simple" />
            <root url="jrt:///usr/lib/jvm/default!/jdk.jdwp.agent" type="simple" />
            <root url="jrt:///usr/lib/jvm/default!/jdk.jfr" type="simple" />
            <root url="jrt:///usr/lib/jvm/default!/jdk.jlink" type="simple" />
            <root url="jrt:///usr/lib/jvm/default!/jdk.jshell" type="simple" />
            <root url="jrt:///usr/lib/jvm/default!/jdk.jsobject" type="simple" />
            <root url="jrt:///usr/lib/jvm/default!/jdk.jstatd" type="simple" />
            <root url="jrt:///usr/lib/jvm/default!/jdk.localedata" type="simple" />
            <root url="jrt:///usr/lib/jvm/default!/jdk.management" type="simple" />
            <root url="jrt:///usr/lib/jvm/default!/jdk.management.agent" type="simple" />
            <root url="jrt:///usr/lib/jvm/default!/jdk.management.jfr" type="simple" />
            <root url="jrt:///usr/lib/jvm/default!/jdk.naming.dns" type="simple" />
            <root url="jrt:///usr/lib/jvm/default!/jdk.naming.ldap" type="simple" />
            <root url="jrt:///usr/lib/jvm/default!/jdk.naming.rmi" type="simple" />
            <root url="jrt:///usr/lib/jvm/default!/jdk.net" type="simple" />
            <root url="jrt:///usr/lib/jvm/default!/jdk.pack" type="simple" />
            <root url="jrt:///usr/lib/jvm/default!/jdk.rmic" type="simple" />
            <root url="jrt:///usr/lib/jvm/default!/jdk.scripting.nashorn" type="simple" />
            <root url="jrt:///usr/lib/jvm/default!/jdk.scripting.nashorn.shell" type="simple" />
            <root url="jrt:///usr/lib/jvm/default!/jdk.sctp" type="simple" />
            <root url="jrt:///usr/lib/jvm/default!/jdk.security.auth" type="simple" />
            <root url="jrt:///usr/lib/jvm/default!/jdk.security.jgss" type="simple" />
            <root url="jrt:///usr/lib/jvm/default!/jdk.unsupported" type="simple" />
            <root url="jrt:///usr/lib/jvm/default!/jdk.unsupported.desktop" type="simple" />
            <root url="jrt:///usr/lib/jvm/default!/jdk.xml.dom" type="simple" />
            <root url="jrt:///usr/lib/jvm/default!/jdk.zipfs" type="simple" />
          </root>
        </classPath>
        <javadocPath>
          <root type="composite" />
        </javadocPath>
        <sourcePath>
          <root type="composite" />
        </sourcePath>
      </roots>
      <additional />
    </jdk>
    <jdk version="2">
      <name value="Kotlin SDK" />
      <type value="KotlinSDK" />
      <homePath value="$KOTLIN_BUNDLED$" />
      <roots>
        <annotationsPath>
          <root type="composite" />
        </annotationsPath>
        <classPath>
          <root type="composite" />
        </classPath>
        <javadocPath>
          <root type="composite" />
        </javadocPath>
        <sourcePath>
          <root type="composite" />
        </sourcePath>
      </roots>
      <additional />
    </jdk>
    <jdk version="2">
      <name value="1.8" />
      <type value="JavaSDK" />
      <version value="version 11.0.15" />
      <homePath value="/usr/lib/jvm/default-runtime" />
      <roots>
        <annotationsPath>
          <root type="composite">
            <root url="jar://$APPLICATION_HOME_DIR$/plugins/java/lib/jdkAnnotations.jar!/" type="simple" />
          </root>
        </annotationsPath>
        <classPath>
          <root type="composite">
            <root url="jrt:///usr/lib/jvm/default-runtime!/java.base" type="simple" />
            <root url="jrt:///usr/lib/jvm/default-runtime!/java.compiler" type="simple" />
            <root url="jrt:///usr/lib/jvm/default-runtime!/java.datatransfer" type="simple" />
            <root url="jrt:///usr/lib/jvm/default-runtime!/java.desktop" type="simple" />
            <root url="jrt:///usr/lib/jvm/default-runtime!/java.instrument" type="simple" />
            <root url="jrt:///usr/lib/jvm/default-runtime!/java.logging" type="simple" />
            <root url="jrt:///usr/lib/jvm/default-runtime!/java.management" type="simple" />
            <root url="jrt:///usr/lib/jvm/default-runtime!/java.management.rmi" type="simple" />
            <root url="jrt:///usr/lib/jvm/default-runtime!/java.naming" type="simple" />
            <root url="jrt:///usr/lib/jvm/default-runtime!/java.net.http" type="simple" />
            <root url="jrt:///usr/lib/jvm/default-runtime!/java.prefs" type="simple" />
            <root url="jrt:///usr/lib/jvm/default-runtime!/java.rmi" type="simple" />
            <root url="jrt:///usr/lib/jvm/default-runtime!/java.scripting" type="simple" />
            <root url="jrt:///usr/lib/jvm/default-runtime!/java.se" type="simple" />
            <root url="jrt:///usr/lib/jvm/default-runtime!/java.security.jgss" type="simple" />
            <root url="jrt:///usr/lib/jvm/default-runtime!/java.security.sasl" type="simple" />
            <root url="jrt:///usr/lib/jvm/default-runtime!/java.smartcardio" type="simple" />
            <root url="jrt:///usr/lib/jvm/default-runtime!/java.sql" type="simple" />
            <root url="jrt:///usr/lib/jvm/default-runtime!/java.sql.rowset" type="simple" />
            <root url="jrt:///usr/lib/jvm/default-runtime!/java.transaction.xa" type="simple" />
            <root url="jrt:///usr/lib/jvm/default-runtime!/java.xml" type="simple" />
            <root url="jrt:///usr/lib/jvm/default-runtime!/java.xml.crypto" type="simple" />
            <root url="jrt:///usr/lib/jvm/default-runtime!/jdk.accessibility" type="simple" />
            <root url="jrt:///usr/lib/jvm/default-runtime!/jdk.aot" type="simple" />
            <root url="jrt:///usr/lib/jvm/default-runtime!/jdk.attach" type="simple" />
            <root url="jrt:///usr/lib/jvm/default-runtime!/jdk.charsets" type="simple" />
            <root url="jrt:///usr/lib/jvm/default-runtime!/jdk.compiler" type="simple" />
            <root url="jrt:///usr/lib/jvm/default-runtime!/jdk.crypto.cryptoki" type="simple" />
            <root url="jrt:///usr/lib/jvm/default-runtime!/jdk.crypto.ec" type="simple" />
            <root url="jrt:///usr/lib/jvm/default-runtime!/jdk.dynalink" type="simple" />
            <root url="jrt:///usr/lib/jvm/default-runtime!/jdk.editpad" type="simple" />
            <root url="jrt:///usr/lib/jvm/default-runtime!/jdk.hotspot.agent" type="simple" />
            <root url="jrt:///usr/lib/jvm/default-runtime!/jdk.httpserver" type="simple" />
            <root url="jrt:///usr/lib/jvm/default-runtime!/jdk.internal.ed" type="simple" />
            <root url="jrt:///usr/lib/jvm/default-runtime!/jdk.internal.jvmstat" type="simple" />
            <root url="jrt:///usr/lib/jvm/default-runtime!/jdk.internal.le" type="simple" />
            <root url="jrt:///usr/lib/jvm/default-runtime!/jdk.internal.opt" type="simple" />
            <root url="jrt:///usr/lib/jvm/default-runtime!/jdk.internal.vm.ci" type="simple" />
            <root url="jrt:///usr/lib/jvm/default-runtime!/jdk.internal.vm.compiler" type="simple" />
            <root url="jrt:///usr/lib/jvm/default-runtime!/jdk.internal.vm.compiler.management" type="simple" />
            <root url="jrt:///usr/lib/jvm/default-runtime!/jdk.jartool" type="simple" />
            <root url="jrt:///usr/lib/jvm/default-runtime!/jdk.javadoc" type="simple" />
            <root url="jrt:///usr/lib/jvm/default-runtime!/jdk.jcmd" type="simple" />
            <root url="jrt:///usr/lib/jvm/default-runtime!/jdk.jconsole" type="simple" />
            <root url="jrt:///usr/lib/jvm/default-runtime!/jdk.jdeps" type="simple" />
            <root url="jrt:///usr/lib/jvm/default-runtime!/jdk.jdi" type="simple" />
            <root url="jrt:///usr/lib/jvm/default-runtime!/jdk.jdwp.agent" type="simple" />
            <root url="jrt:///usr/lib/jvm/default-runtime!/jdk.jfr" type="simple" />
            <root url="jrt:///usr/lib/jvm/default-runtime!/jdk.jlink" type="simple" />
            <root url="jrt:///usr/lib/jvm/default-runtime!/jdk.jshell" type="simple" />
            <root url="jrt:///usr/lib/jvm/default-runtime!/jdk.jsobject" type="simple" />
            <root url="jrt:///usr/lib/jvm/default-runtime!/jdk.jstatd" type="simple" />
            <root url="jrt:///usr/lib/jvm/default-runtime!/jdk.localedata" type="simple" />
            <root url="jrt:///usr/lib/jvm/default-runtime!/jdk.management" type="simple" />
            <root url="jrt:///usr/lib/jvm/default-runtime!/jdk.management.agent" type="simple" />
            <root url="jrt:///usr/lib/jvm/default-runtime!/jdk.management.jfr" type="simple" />
            <root url="jrt:///usr/lib/jvm/default-runtime!/jdk.naming.dns" type="simple" />
            <root url="jrt:///usr/lib/jvm/default-runtime!/jdk.naming.ldap" type="simple" />
            <root url="jrt:///usr/lib/jvm/default-runtime!/jdk.naming.rmi" type="simple" />
            <root url="jrt:///usr/lib/jvm/default-runtime!/jdk.net" type="simple" />
            <root url="jrt:///usr/lib/jvm/default-runtime!/jdk.pack" type="simple" />
            <root url="jrt:///usr/lib/jvm/default-runtime!/jdk.rmic" type="simple" />
            <root url="jrt:///usr/lib/jvm/default-runtime!/jdk.scripting.nashorn" type="simple" />
            <root url="jrt:///usr/lib/jvm/default-runtime!/jdk.scripting.nashorn.shell" type="simple" />
            <root url="jrt:///usr/lib/jvm/default-runtime!/jdk.sctp" type="simple" />
            <root url="jrt:///usr/lib/jvm/default-runtime!/jdk.security.auth" type="simple" />
            <root url="jrt:///usr/lib/jvm/default-runtime!/jdk.security.jgss" type="simple" />
            <root url="jrt:///usr/lib/jvm/default-runtime!/jdk.unsupported" type="simple" />
            <root url="jrt:///usr/lib/jvm/default-runtime!/jdk.unsupported.desktop" type="simple" />
            <root url="jrt:///usr/lib/jvm/default-runtime!/jdk.xml.dom" type="simple" />
            <root url="jrt:///usr/lib/jvm/default-runtime!/jdk.zipfs" type="simple" />
          </root>
        </classPath>
        <javadocPath>
          <root type="composite" />
        </javadocPath>
        <sourcePath>
          <root type="composite" />
        </sourcePath>
      </roots>
      <additional />
    </jdk>
    <jdk version="2">
      <name value="Android API 31 Platform" />
      <type value="Android SDK" />
      <version value="version 11.0.15" />
      <homePath value="$USER_HOME$/Android/Sdk" />
      <roots>
        <annotationsPath>
          <root type="composite">
            <root url="jar://$USER_HOME$/Android/Sdk/platforms/android-31/data/annotations.zip!/" type="simple" />
          </root>
        </annotationsPath>
        <classPath>
          <root type="composite">
            <root url="jar://$USER_HOME$/Android/Sdk/platforms/android-31/android.jar!/" type="simple" />
            <root url="file://$USER_HOME$/Android/Sdk/platforms/android-31/data/res" type="simple" />
          </root>
        </classPath>
        <javadocPath>
          <root type="composite">
            <root url="http://developer.android.com/reference/" type="simple" />
          </root>
        </javadocPath>
        <sourcePath>
          <root type="composite" />
        </sourcePath>
      </roots>
      <additional jdk="Android Studio default JDK" sdk="android-31" />
    </jdk>
    <jdk version="2">
      <name value="Android API 28 Platform" />
      <type value="Android SDK" />
      <version value="version 11.0.15" />
      <homePath value="$USER_HOME$/Android/Sdk" />
      <roots>
        <annotationsPath>
          <root type="composite">
            <root url="jar://$USER_HOME$/Android/Sdk/platforms/android-28/data/annotations.zip!/" type="simple" />
          </root>
        </annotationsPath>
        <classPath>
          <root type="composite">
            <root url="jar://$USER_HOME$/Android/Sdk/platforms/android-28/android.jar!/" type="simple" />
            <root url="file://$USER_HOME$/Android/Sdk/platforms/android-28/data/res" type="simple" />
          </root>
        </classPath>
        <javadocPath>
          <root type="composite">
            <root url="http://developer.android.com/reference/" type="simple" />
          </root>
        </javadocPath>
        <sourcePath>
          <root type="composite" />
        </sourcePath>
      </roots>
      <additional jdk="Android Studio default JDK" sdk="android-28" />
    </jdk>
  </component>
</application>