<keymap version="1" name="XWin Proper Redo" parent="Default for XWin">
  <action id="$Redo">
    <keyboard-shortcut first-keystroke="shift ctrl z" />
    <keyboard-shortcut first-keystroke="shift alt back_space" />
    <keyboard-shortcut first-keystroke="ctrl y" />
  </action>
  <action id="ActivateLogcatToolWindow">
    <keyboard-shortcut first-keystroke="alt 6" />
  </action>
  <action id="ActivateProblemsViewToolWindow" />
  <action id="Android.GenerateSignedApk">
    <keyboard-shortcut first-keystroke="shift ctrl alt b" />
  </action>
  <action id="EditorDeleteLine">
    <keyboard-shortcut first-keystroke="shift ctrl l" />
  </action>
  <action id="Github.Open.In.Browser">
    <keyboard-shortcut first-keystroke="shift ctrl g" />
  </action>
  <action id="UpdateRunningApplication" />
  <action id="android.deploy.ApplyChanges">
    <keyboard-shortcut first-keystroke="ctrl f10" />
  </action>
  <action id="android.deploy.CodeSwap">
    <keyboard-shortcut first-keystroke="ctrl alt f10" />
  </action>
</keymap>